title,rank,date,artist,url,region,streams,track_popularity,track_album_name,track_album_release_date,playlist_genre,playlist_subgenre,danceability,energy,key,loudness,mode,speechiness,acousticness,instrumentalness,liveness,valence,tempo,duration_ms,links
Sunflower - Spider-Man: Into the Spider-Verse,1,2019-01-01,"Post Malone, Swae Lee",https://open.spotify.com/track/3KkXRkHbMCARz0aVfEt68P,United States,1867789.0,87.0,Hollywood's Bleeding,9/6/2019,pop,post-teen pop,0.755,0.522,2.0,-4.368,1.0,0.0575,0.533,0.0,0.0685,0.925,89.96,157560.0,http://soundcloud.com/kyrnprod/cece-peniston-keep-on-walkin-remixinstrumental
Wow.,2,2019-01-01,Post Malone,https://open.spotify.com/track/6MWtB6iiXyIwun0YzU6DFP,United States,1564946.0,41.0,Hollywood's Bleeding,9/6/2019,rap,gangster rap,0.829,0.539,11.0,-7.359,0.0,0.208,0.136,1.78e-06,0.103,0.388,99.96,149547.0,http://soundcloud.com/kyralxbankovip/kaytranada-ft-anderson-paak-glowed-up-kyral-x-banko-flip-free-dl-on-buy-linkdescription
SICKO MODE,3,2019-01-01,Travis Scott,https://open.spotify.com/track/2xLMifQCjDGFmkHkpNLD9h,United States,1454622.0,87.0,ASTROWORLD,8/3/2018,pop,post-teen pop,0.834,0.73,8.0,-3.714,1.0,0.222,0.00513,0.0,0.124,0.446,155.008,312820.0,http://soundcloud.com/eddies-christmas-songs/santa-claus-is-coming-to-town
"thank u, next",4,2019-01-01,Ariana Grande,https://open.spotify.com/track/2rPE9A1vEgShuZxxzR2tZH,United States,1397512.0,28.0,"thank u, next",11/3/2018,pop,electropop,0.724,0.647,1.0,-5.642,1.0,0.0658,0.28,0.0,0.102,0.435,106.96,207333.0,http://soundcloud.com/keshibeats/right-here-1
Going Bad (feat. Drake),5,2019-01-01,Meek Mill,https://open.spotify.com/track/2IRZnDFmlqMuOrYOLnZZyc,United States,1245437.0,85.0,Championships,11/30/2018,pop,post-teen pop,0.889,0.496,4.0,-6.365,0.0,0.0905,0.259,0.0,0.252,0.544,86.003,180522.0,http://soundcloud.com/dangelomusicofficial/shit-damn-motherfucker-live-in
Mo Bamba,6,2019-01-01,Sheck Wes,https://open.spotify.com/track/1xzBco0xcoJEDXktl7Jxrr,United States,1188824.0,82.0,MUDBOY,10/5/2018,r&b,hip pop,0.729,0.625,4.0,-5.266,1.0,0.0315,0.194,0.00986,0.248,0.261,146.034,183907.0,http://soundcloud.com/cashcash/how-to-love-feat-sofia-reyes
ZEZE (feat. Travis Scott & Offset),8,2019-01-01,Kodak Black,https://open.spotify.com/track/0FZ4Dmg8jJJAPJnvBIzD9z,United States,1163374.0,56.0,ZEZE (feat. Travis Scott & Offset),10/11/2018,latin,latin hip hop,0.863,0.627,8.0,-5.708,0.0,0.206,0.0485,2.72e-06,0.0968,0.47,98.042,229088.0,http://soundcloud.com/cashcash/surrender
Without Me,9,2019-01-01,Halsey,https://open.spotify.com/track/5p7ujcrUXASCNwRaWNHR1C,United States,972371.0,88.0,Without Me,10/4/2018,pop,post-teen pop,0.752,0.488,6.0,-7.05,1.0,0.0705,0.297,9.11e-06,0.0936,0.533,136.041,201661.0,http://soundcloud.com/80s_sam/george-harrison-when-we-was-fab-cover
Leave Me Alone,10,2019-01-01,Flipp Dinero,https://open.spotify.com/track/14mHfNsSHN0FbLftyjrV9g,United States,858875.0,78.0,Leave Me Alone,9/4/2018,rap,hip hop,0.792,0.743,7.0,-2.806,1.0,0.0851,0.107,0.0,0.183,0.742,150.024,195637.0,http://soundcloud.com/hopelessrecords/dear-maria-count-me-in
Lucid Dreams,11,2019-01-01,Juice WRLD,https://open.spotify.com/track/285pBltuF7vW8TeWk8hdRR,United States,804928.0,18.0,Goodbye & Good Riddance,5/23/2018,latin,latin pop,0.511,0.566,6.0,-7.23,0.0,0.2,0.349,0.0,0.34,0.218,83.903,239836.0,http://soundcloud.com/electricpurplemandilla/listen-to-what-the-man-said
Happier,13,2019-01-01,"Marshmello, Bastille",https://open.spotify.com/track/2dpaYNEQHiRxtZbfNsse99,United States,736137.0,89.0,Happier,8/17/2018,pop,post-teen pop,0.687,0.792,5.0,-2.749,1.0,0.0452,0.191,0.0,0.167,0.671,100.015,214290.0,http://soundcloud.com/phil-deepblue/oak-island-kensington-pathfinder
a lot,14,2019-01-01,21 Savage,https://open.spotify.com/track/2t8yVaLvJ0RenpXUIAC52d,United States,708965.0,81.0,i am > i was,12/21/2018,pop,post-teen pop,0.837,0.636,1.0,-7.643,1.0,0.086,0.0395,0.00125,0.342,0.274,145.972,288624.0,http://soundcloud.com/r3hab/john-legend-you-and-i-r3hab-remix
Money,15,2019-01-01,Cardi B,https://open.spotify.com/track/2GGMabyHXnJmjY6CXhhB2e,United States,697968.0,73.0,The Dark Side of the Moon,3/1/1973,rock,classic rock,0.469,0.537,9.0,-10.421,1.0,0.152,0.0241,0.00201,0.269,0.783,124.193,382834.0,http://soundcloud.com/user480838116/love-keyshia-cole-lyrics
MIA (feat. Drake),16,2019-01-01,Bad Bunny,https://open.spotify.com/track/116H0KvKr2Zl4RPuVBruDO,United States,693951.0,83.0,MIA (feat. Drake),10/11/2018,rap,trap,0.817,0.539,6.0,-6.349,0.0,0.0621,0.0141,0.000496,0.099,0.158,97.062,210368.0,http://soundcloud.com/reggaeton-sin-limite/yera-ft-mau-y-ricky-cosas-ricas
I Like It,17,2019-01-01,"Cardi B, Bad Bunny, J Balvin",https://open.spotify.com/track/58q2HKrzhC3ozto2nDdN4z,United States,692217.0,84.0,Invasion of Privacy,4/6/2018,pop,electropop,0.816,0.726,5.0,-3.998,0.0,0.129,0.099,0.0,0.372,0.65,136.048,253390.0,http://soundcloud.com/josh-diamonds/fire-to-fire-sam-smith
Look Back at It,18,2019-01-01,A Boogie Wit da Hoodie,https://open.spotify.com/track/3Ol2xnObFdKV9pmRD2t9x8,United States,685428.0,81.0,Hoodie SZN,12/21/2018,pop,post-teen pop,0.791,0.587,3.0,-5.075,0.0,0.0413,0.407,0.0,0.148,0.536,96.057,179449.0,http://soundcloud.com/sensoinversotrio/never-forget-you-noisettes
Better Now,19,2019-01-01,Post Malone,https://open.spotify.com/track/7dt6x5M1jzdTEt8oCbisTK,United States,677444.0,55.0,beerbongs & bentleys,4/27/2018,latin,latin hip hop,0.686,0.579,10.0,-5.813,1.0,0.0442,0.334,0.0,0.135,0.352,145.051,231267.0,http://soundcloud.com/diego-barraza-8/travesuras-nicky-jam
SAD!,20,2019-01-01,XXXTENTACION,https://open.spotify.com/track/3ee8Jmje8o58CHK66QrVC2,United States,672912.0,87.0,?,3/16/2018,rap,trap,0.74,0.613,8.0,-4.88,1.0,0.145,0.258,0.00372,0.123,0.473,75.023,166606.0,http://soundcloud.com/twistedsister/i-wanna-rock
Eastside (with Halsey & Khalid),21,2019-01-01,benny blanco,https://open.spotify.com/track/7FGq80cy8juXBCD2nrqdWU,United States,651817.0,84.0,Eastside (with Halsey & Khalid),7/12/2018,pop,electropop,0.56,0.68,6.0,-7.648,0.0,0.321,0.555,0.0,0.116,0.319,89.391,173800.0,http://soundcloud.com/nathanmennen/elton-john-bennie-and-the-jets
God's Plan,22,2019-01-01,Drake,https://open.spotify.com/track/6DCZcSspjsKoFjzjrWoCdn,United States,651722.0,12.0,Scorpion,6/29/2018,rap,gangster rap,0.754,0.449,7.0,-9.212,1.0,0.108,0.0329,7.84e-05,0.55,0.35,77.167,198973.0,http://soundcloud.com/deanlewisofficial/chemicals
rockstar (feat. 21 Savage),23,2019-01-01,Post Malone,https://open.spotify.com/track/0e7ipj03S05BNilyu5bRzt,United States,625774.0,88.0,beerbongs & bentleys,4/27/2018,rap,gangster rap,0.585,0.52,5.0,-6.136,0.0,0.0712,0.124,7.01e-05,0.131,0.129,159.801,218147.0,http://soundcloud.com/fayewebster/kingston
Nonstop,24,2019-01-01,Drake,https://open.spotify.com/track/0TlLq3lA83rQOYtrqBqSct,United States,621972.0,82.0,Scorpion,6/29/2018,latin,latin pop,0.912,0.412,7.0,-8.074,1.0,0.124,0.0164,0.013,0.104,0.422,154.983,238614.0,http://soundcloud.com/mgm-media-le/sak-noel-loca-people-what-the-fk-jpunkt-spunkt-remix
High Hopes,25,2019-01-01,Panic! At The Disco,https://open.spotify.com/track/1rqqCSm0Qe4I9rUvWncaom,United States,619788.0,86.0,Pray for the Wicked,6/22/2018,pop,post-teen pop,0.579,0.904,5.0,-2.729,1.0,0.0618,0.193,0.0,0.064,0.681,82.014,190947.0,http://soundcloud.com/myfavxoxo/empty-space-james-arthur
Startender (feat. Offset and Tyga),26,2019-01-01,A Boogie Wit da Hoodie,https://open.spotify.com/track/0jAfdqv18goRTUxm3ilRjb,United States,617625.0,66.0,Startender (feat. Offset and Tyga),12/14/2018,rap,trap,0.736,0.622,6.0,-4.653,0.0,0.133,0.0235,0.0,0.151,0.506,191.971,192779.0,http://soundcloud.com/gwop_wavy/ponderosa-twins-plus-one-bound
monster,27,2019-01-01,21 Savage,https://open.spotify.com/track/2FUNBaa5DwItJtYEBgAblU,United States,609270.0,72.0,i am > i was,12/21/2018,rap,trap,0.89,0.607,9.0,-6.916,0.0,0.124,0.158,0.000228,0.118,0.224,134.022,233040.0,http://soundcloud.com/hollynofficial/love-with-your-life-capital
Moonlight,29,2019-01-01,XXXTENTACION,https://open.spotify.com/track/0JP9xo3adEtGSdUEISiszL,United States,575048.0,76.0,Moonlight,9/7/2018,pop,dance pop,0.813,0.761,10.0,-5.687,0.0,0.085,0.0529,0.0119,0.337,0.29,124.957,173067.0,http://soundcloud.com/tritonalmusic/getaway
Taste (feat. Offset),30,2019-01-01,Tyga,https://open.spotify.com/track/5IaHrVsrferBYDm0bDyABy,United States,571013.0,82.0,Taste (feat. Offset),5/16/2018,latin,latin pop,0.884,0.559,0.0,-7.442,1.0,0.12,0.0236,0.0,0.101,0.342,97.994,232959.0,http://soundcloud.com/placeboworld/special-k-7
imagine,31,2019-01-01,Ariana Grande,https://open.spotify.com/track/0todbbT9g5uQGbeFCiBf2F,United States,563447.0,11.0,imagine,12/14/2018,pop,electropop,0.714,0.474,8.0,-4.993,1.0,0.039,0.374,0.0,0.106,0.376,62.484,212293.0,http://soundcloud.com/dmx-music/ruff-ryders-anthem
Better,32,2019-01-01,Khalid,https://open.spotify.com/track/6zeeWid2sgw4lap2jV61PZ,United States,550240.0,54.0,Chinese Democracy,1/1/2008,rock,album rock,0.563,0.784,1.0,-9.234,0.0,0.042,0.1,0.00219,0.895,0.387,98.011,297227.0,http://soundcloud.com/luis-pascual-11/culture-club-karma-chameleon
"Taki Taki (with Selena Gomez, Ozuna & Cardi B)",34,2019-01-01,DJ Snake,https://open.spotify.com/track/4w8niZpiMy6qz1mntFA5uM,United States,526153.0,83.0,"Taki Taki (with Selena Gomez, Ozuna & Cardi B)",9/28/2018,pop,dance pop,0.842,0.801,8.0,-4.167,0.0,0.228,0.157,4.82e-06,0.0642,0.617,95.881,212500.0,http://soundcloud.com/jp-genius/i-need-a-lover
Sweet but Psycho,35,2019-01-01,Ava Max,https://open.spotify.com/track/25sgk305KZfyuqVBQIahim,United States,517960.0,87.0,Sweet but Psycho,8/17/2018,pop,dance pop,0.719,0.704,1.0,-4.724,1.0,0.0476,0.0691,0.0,0.166,0.628,133.002,187436.0,http://soundcloud.com/chriskuria/tell-me-when
KIKA,39,2019-01-01,"6ix9ine, Tory Lanez",https://open.spotify.com/track/6Gy7rXB6Ku5vIWC7WGWsl3,United States,479744.0,18.0,DUMMY BOY,11/27/2018,rap,hip hop,0.745,0.715,1.0,-3.368,0.0,0.245,0.128,0.0,0.182,0.342,94.513,136032.0,http://soundcloud.com/raheem-devaughn/18-love-drug
Arms Around You (feat. Maluma & Swae Lee),40,2019-01-01,"XXXTENTACION, Lil Pump",https://open.spotify.com/track/2LskIZrCeLxRvCiGP8gxlh,United States,474057.0,78.0,Arms Around You (feat. Maluma & Swae Lee),10/25/2018,latin,tropical,0.703,0.723,9.0,-5.45,0.0,0.0412,0.0302,2.06e-06,0.126,0.288,104.969,198903.0,http://soundcloud.com/st_vincent/los-ageless
Psycho (feat. Ty Dolla $ign),41,2019-01-01,Post Malone,https://open.spotify.com/track/3swc6WTsr7rl9DqQKQA55C,United States,473934.0,83.0,beerbongs & bentleys,4/27/2018,r&b,urban contemporary,0.75,0.56,8.0,-8.094,1.0,0.105,0.546,0.0,0.111,0.459,140.06,221440.0,http://soundcloud.com/user-725909548/kill-my-mind
when the party's over,42,2019-01-01,Billie Eilish,https://open.spotify.com/track/14JzyD6FlBD5z0wV5P07YI,United States,470575.0,26.0,when the party's over,10/17/2018,r&b,urban contemporary,0.498,0.104,1.0,-14.08,0.0,0.0621,0.979,7.86e-05,0.0895,0.205,124.001,199931.0,http://soundcloud.com/roii-boii/devande-sailing-away
FEFE,43,2019-01-01,"6ix9ine, Nicki Minaj, Murda Beatz",https://open.spotify.com/track/4QIyEq7TcTdAcxjI2AFlAK,United States,465215.0,15.0,DUMMY BOY,11/27/2018,r&b,hip pop,0.931,0.387,1.0,-9.127,1.0,0.412,0.088,0.0,0.136,0.376,125.978,179405.0,http://soundcloud.com/user-428263538/out-in-the-fields-gary-moore-the-plugbeets-project-cover-no-bass
In My Feelings,44,2019-01-01,Drake,https://open.spotify.com/track/2G7V7zsVDxg1yRsu7Ew9RJ,United States,453913.0,18.0,Scorpion,6/29/2018,r&b,hip pop,0.735,0.482,8.0,-9.445,1.0,0.139,0.00623,0.0144,0.448,0.315,181.995,217933.0,http://soundcloud.com/mac-levine/clocks-coldplay
Nice For What,47,2019-01-01,Drake,https://open.spotify.com/track/3CA9pLiwRIGtUBiMjbZmRw,United States,443549.0,18.0,Nice For What,4/6/2018,rap,hip hop,0.567,0.913,8.0,-6.471,1.0,0.0736,0.0934,0.000124,0.114,0.792,93.35,210926.0,http://soundcloud.com/lanadelnay-347175919/lil-jon-ft-oobie-one-night
Close To Me (with Diplo) (feat. Swae Lee),48,2019-01-01,Ellie Goulding,https://open.spotify.com/track/5JEx7HbmvHQQswJCsoo9rA,United States,437623.0,82.0,Close To Me (feat. Swae Lee),10/24/2018,pop,electropop,0.574,0.758,1.0,-5.029,0.0,0.0621,0.0969,0.0,0.395,0.492,144.111,182623.0,http://soundcloud.com/buntmusic/bunt-journey-ft-emma-carn-1
all my friends,49,2019-01-01,21 Savage,https://open.spotify.com/track/4paAidoE8VAemwU4jgCc6l,United States,435373.0,72.0,i am > i was,12/21/2018,rap,trap,0.713,0.62,0.0,-4.513,1.0,0.0422,0.171,1.16e-06,0.118,0.206,130.09,211785.0,http://soundcloud.com/heydermusic/charlie-puth-we-dont-talk-anymore-heyder-remix
Girls Like You (feat. Cardi B),50,2019-01-01,Maroon 5,https://open.spotify.com/track/7fa9MBXhVfQ8P8Df9OEbD8,United States,434601.0,81.0,Girls Like You (feat. Cardi B),5/30/2018,pop,electropop,0.851,0.541,0.0,-6.825,1.0,0.0505,0.568,0.0,0.13,0.448,124.959,235545.0,http://soundcloud.com/bastian-music/hace-mucho-tiempo-arcangel
7 rings,1,2019-02-01,Ariana Grande,https://open.spotify.com/track/14msK75pk3pA33pzPVNtBF,United States,2667249.0,30.0,7 rings,1/18/2019,pop,post-teen pop,0.725,0.321,1.0,-10.744,0.0,0.323,0.578,0.0,0.0884,0.319,70.142,178640.0,http://soundcloud.com/cj-compton-514681025/x-xzibit
MIDDLE CHILD,2,2019-02-01,J. Cole,https://open.spotify.com/track/2JvzF1RMd7lE3KmFlsyZD8,United States,2453545.0,86.0,MIDDLE CHILD,1/23/2019,rap,hip hop,0.837,0.364,8.0,-11.713,1.0,0.276,0.149,0.0,0.271,0.463,123.984,213594.0,http://soundcloud.com/mansionz/stfu
bury a friend,3,2019-02-01,Billie Eilish,https://open.spotify.com/track/4NzMOnvSJVNKF7nw5NkXIP,United States,2139874.0,21.0,bury a friend,1/30/2019,r&b,hip pop,0.905,0.389,8.0,-14.505,1.0,0.332,0.74,0.162,0.106,0.196,120.046,193143.0,http://soundcloud.com/user-81674968/burna-boy-on-the-low-4
Dancing With A Stranger (with Normani),14,2019-02-01,Sam Smith,https://open.spotify.com/track/6Qs4SXO9dwPj5GKvVOv8Ki,United States,984596.0,87.0,Dancing With A Stranger (with Normani),1/11/2019,pop,dance pop,0.741,0.52,8.0,-7.513,1.0,0.0656,0.45,1.97e-06,0.222,0.347,102.998,171030.0,http://soundcloud.com/prodbyrichy/darell-ft-brytiago-velitas-richy-beats-rework
Thotiana,15,2019-02-01,Blueface,https://open.spotify.com/track/3oh6SCCeLuXhFpEyepla6G,United States,935167.0,78.0,Famous Cryp,12/18/2018,pop,post-teen pop,0.906,0.382,10.0,-12.89,0.0,0.269,0.18,0.0,0.113,0.391,104.025,129264.0,http://soundcloud.com/newjawn/grindin-instrumental-clipse
Keanu Reeves,18,2019-02-01,Logic,https://open.spotify.com/track/25F6MWrnFBCXVnpN4n76EK,United States,844406.0,16.0,Confessions of a Dangerous Mind,5/10/2019,rap,hip hop,0.712,0.891,2.0,-6.457,1.0,0.24,0.0557,0.0,0.133,0.799,170.13,225933.0,http://soundcloud.com/arty_music/arty-feat-cimo-fraenkel-3
Hope,34,2019-02-01,"The Chainsmokers, Winona Oak",https://open.spotify.com/track/4BiiOzZCrXEzHRLYcYFiD5,United States,657418.0,74.0,Sick Boy,12/14/2018,pop,electropop,0.773,0.699,1.0,-5.982,0.0,0.0958,0.488,3.6e-06,0.0814,0.513,104.941,180120.0,http://soundcloud.com/manuelflowreal/manuel-flow-ft-albert06-ya-no-es-lo-mismo-prod-by-ym-freak
Swervin (feat. 6ix9ine),35,2019-02-01,A Boogie Wit da Hoodie,https://open.spotify.com/track/1wJRveJZLSb1rjhnUHQiv6,United States,656349.0,85.0,Hoodie SZN,12/21/2018,pop,post-teen pop,0.581,0.662,9.0,-5.239,1.0,0.303,0.0153,0.0,0.111,0.434,93.023,189487.0,http://soundcloud.com/rvjustin/creed-higher
First Off (feat. Travis Scott),37,2019-02-01,Future,https://open.spotify.com/track/3WRIaWsws011vHMd9uzPjG,United States,622508.0,69.0,Future Hndrxx Presents: The WIZRD,1/18/2019,rap,trap,0.734,0.683,1.0,-6.105,1.0,0.0776,0.013,0.0,0.28,0.445,162.038,228367.0,http://soundcloud.com/bagstheboss/wild-thoughts-new
Space Cadet (feat. Gunna),41,2019-02-01,Metro Boomin,https://open.spotify.com/track/1fewSx2d5KIZ04wsooEBOz,United States,586773.0,7.0,NOT ALL HEROES WEAR CAPES,11/2/2018,rap,trap,0.901,0.464,5.0,-9.789,0.0,0.0645,0.368,1.71e-05,0.238,0.638,109.004,203267.0,http://soundcloud.com/lianemusic/dear-life-anthony-hamilton
Shallow,45,2019-02-01,"Lady Gaga, Bradley Cooper",https://open.spotify.com/track/2VxeLyX666F8uXCJ0dZF8B,United States,521379.0,88.0,A Star Is Born Soundtrack,10/5/2018,r&b,urban contemporary,0.572,0.385,7.0,-6.362,1.0,0.0308,0.371,0.0,0.231,0.323,95.799,215733.0,http://soundcloud.com/lovebeans/can-you-feel-me-chez-remix
Sucker,1,2019-03-01,Jonas Brothers,https://open.spotify.com/track/4y3OI86AEP6PQoDE6olYhO,United States,3105964.0,87.0,Happiness Begins,6/7/2019,pop,post-teen pop,0.842,0.734,1.0,-5.065,0.0,0.0588,0.0427,0.0,0.106,0.952,137.958,181027.0,http://soundcloud.com/acidchad/chicane-dont-give-up-featuring
"break up with your girlfriend, i'm bored",5,2019-03-01,Ariana Grande,https://open.spotify.com/track/4kV4N9D1iKVxx1KLvtTpjS,United States,1477969.0,84.0,"thank u, next",2/8/2019,pop,post-teen pop,0.726,0.554,5.0,-5.29,0.0,0.0917,0.0421,0.0,0.106,0.335,169.999,190440.0,http://soundcloud.com/r3hab/arashi-turning-up-r3hab-remix
Robbery,7,2019-03-01,Juice WRLD,https://open.spotify.com/track/44ShclXTOOnYtt5CnCDeGV,United States,1405818.0,64.0,Robbery,9/20/2019,rock,permanent wave,0.687,0.708,3.0,-8.133,0.0,0.0891,0.421,0.242,0.213,0.89,152.937,223234.0,http://soundcloud.com/thedeaddaisies-music/fortunate-son-live-from
Talk,13,2019-03-01,"Khalid, Disclosure",https://open.spotify.com/track/0rTV5WefWd1J3OwIheTzxM,United States,996560.0,0.0,Talk,6/3/2016,edm,pop edm,0.723,0.816,7.0,-4.486,1.0,0.0759,0.00763,0.0,0.126,0.235,117.993,237973.0,http://soundcloud.com/lourdes135music/geronimo-sheppard
Pure Water (with Migos),17,2019-03-01,Mustard,https://open.spotify.com/track/63cd4JkwGgYJrbOizbfmsp,United States,892305.0,10.0,Pure Water (with Migos),1/16/2019,latin,latin hip hop,0.684,0.552,0.0,-5.505,1.0,0.112,0.191,0.0,0.318,0.133,201.97,194520.0,http://soundcloud.com/cigarettesaftersex/affection
I,22,2019-03-01,Lil Skies,https://open.spotify.com/track/4ZT9FnbFu1PaBfV3itxiqT,United States,825835.0,81.0,Shelby,3/1/2019,pop,electropop,0.649,0.453,6.0,-7.28,1.0,0.085,0.627,0.0,0.116,0.431,99.183,181891.0,http://soundcloud.com/kinkfm/snbr-1-3-16
Hear Me Calling,24,2019-03-01,Juice WRLD,https://open.spotify.com/track/5UYK9MervBCROg8AHNeEIy,United States,806796.0,79.0,Death Race For Love,3/8/2019,rap,trap,0.699,0.687,7.0,-3.997,0.0,0.106,0.308,3.63e-05,0.121,0.499,88.932,189977.0,http://soundcloud.com/vincent_official/parisremix
Red Room,29,2019-03-01,Offset,https://open.spotify.com/track/4TWflhgevIGo448fWc6mQq,United States,725452.0,67.0,Red Room,2/14/2019,rap,trap,0.936,0.559,7.0,-8.591,0.0,0.158,0.479,0.0,0.129,0.517,112.339,241440.0,http://soundcloud.com/playgroundfestival/outta-your-mind-lil-jon-feat-1
NASA,32,2019-03-01,Ariana Grande,https://open.spotify.com/track/4SPu0Ql902hTVXkBoNIYtq,United States,690324.0,76.0,"thank u, next",2/8/2019,pop,post-teen pop,0.747,0.458,6.0,-6.891,1.0,0.303,0.451,0.0,0.252,0.47,75.029,182000.0,http://soundcloud.com/bucktown-usa/smif-n-wessun-let-the-dollars
Almeda,33,2019-03-01,Solange,https://open.spotify.com/track/6IAgarq2wDeYzpsY2Kx0Hw,United States,681259.0,65.0,When I Get Home,3/1/2019,r&b,neo soul,0.827,0.553,1.0,-5.296,1.0,0.032,0.0227,1.52e-05,0.176,0.0631,110.015,236120.0,http://soundcloud.com/user-795059284/nick-jonas-close-slowed-down
Please Me,39,2019-03-01,"Cardi B, Bruno Mars",https://open.spotify.com/track/0PG9fbaaHFHfre2gUVo7AN,United States,653808.0,79.0,Please Me,2/15/2019,pop,post-teen pop,0.747,0.57,1.0,-6.711,1.0,0.081,0.0642,0.0,0.0832,0.65,133.992,200890.0,http://soundcloud.com/stonesthrow/nxworries-anderson-paak-knxwledge-suede
Burnin' Up,43,2019-03-01,Jonas Brothers,https://open.spotify.com/track/68r3esIMdWpIeZqWZQDnfY,United States,630716.0,71.0,A Little Bit Longer,8/12/2008,pop,post-teen pop,0.667,0.954,2.0,-3.462,1.0,0.0817,0.0296,0.0,0.331,0.807,114.0,175093.0,http://soundcloud.com/frankpole/greyson-chance-afterlife-remix
Girls Need Love (with Drake) - Remix,46,2019-03-01,Summer Walker,https://open.spotify.com/track/0mfCH4nfpshBQR9ueZP5eP,United States,620253.0,10.0,Girls Need Love (with Drake) [Remix],2/10/2019,r&b,urban contemporary,0.656,0.432,6.0,-9.481,0.0,0.217,0.443,0.0,0.132,0.0897,97.022,222374.0,http://soundcloud.com/juhhrome/boyz-ii-men-uhh-ahh-kahi-edit
bad guy,1,2019-04-01,Billie Eilish,https://open.spotify.com/track/2Fxmhks0bxGSBdJ92vM42m,United States,2669001.0,95.0,"WHEN WE ALL FALL ASLEEP, WHERE DO WE GO?",3/29/2019,pop,dance pop,0.701,0.425,7.0,-10.965,1.0,0.375,0.328,0.13,0.1,0.562,135.128,194088.0,http://soundcloud.com/duo-maximo3/whatever-you-want-status-quo
Old Town Road,2,2019-04-01,Lil Nas X,https://open.spotify.com/track/53CJANUxooaqGOtdsBTh7O,United States,1763654.0,33.0,Old Town Road,3/14/2019,pop,electropop,0.908,0.517,1.0,-6.063,1.0,0.129,0.0361,1.73e-06,0.0949,0.471,136.019,113013.0,http://soundcloud.com/dre_who/quality-time
xanny,6,2019-04-01,Billie Eilish,https://open.spotify.com/track/4QIo4oxwzzafcBWkKjDpXY,United States,1294482.0,83.0,"WHEN WE ALL FALL ASLEEP, WHERE DO WE GO?",3/29/2019,r&b,urban contemporary,0.521,0.125,9.0,-17.832,1.0,0.239,0.751,0.00207,0.265,0.0528,111.554,243725.0,http://soundcloud.com/depeche-mode-cover/sunday-morning-the-bolshoi
all the good girls go to hell,7,2019-04-01,Billie Eilish,https://open.spotify.com/track/6IRdLKIyS4p7XNiP8r6rsx,United States,1236837.0,86.0,"WHEN WE ALL FALL ASLEEP, WHERE DO WE GO?",3/29/2019,pop,indie poptimism,0.726,0.444,8.0,-8.922,0.0,0.372,0.283,0.143,0.177,0.569,185.044,168840.0,http://soundcloud.com/vicetone/way-back-cozi
my strange addiction,9,2019-04-01,Billie Eilish,https://open.spotify.com/track/3Tc57t9l2O8FwQZtQOvPXK,United States,1206422.0,82.0,"WHEN WE ALL FALL ASLEEP, WHERE DO WE GO?",3/29/2019,r&b,urban contemporary,0.939,0.305,8.0,-10.952,0.0,0.354,0.35,0.000169,0.105,0.563,100.029,179889.0,http://soundcloud.com/michaelnobre1/snoop-dogg-feat-pharrell
you should see me in a crown,11,2019-04-01,Billie Eilish,https://open.spotify.com/track/3XF5xLJHOQQRbWya6hBp7d,United States,1165221.0,84.0,"WHEN WE ALL FALL ASLEEP, WHERE DO WE GO?",3/29/2019,pop,indie poptimism,0.678,0.533,4.0,-10.485,1.0,0.186,0.462,0.219,0.139,0.323,150.455,180953.0,http://soundcloud.com/seconds1707/goodbyes-jorja-smith
i love you,14,2019-04-01,Billie Eilish,https://open.spotify.com/track/6CcJMwBtXByIz4zQLzFkKc,United States,1002336.0,85.0,"WHEN WE ALL FALL ASLEEP, WHERE DO WE GO?",3/29/2019,r&b,urban contemporary,0.421,0.131,0.0,-18.435,1.0,0.0382,0.952,0.00453,0.109,0.12,137.446,291796.0,http://soundcloud.com/iwi-van-merse/davai-tear-me-down-ft-philip-rustad-ivm-remix-2020
listen before i go,19,2019-04-01,Billie Eilish,https://open.spotify.com/track/0tMSssfxAL2oV8Vri0mFHE,United States,931825.0,81.0,"WHEN WE ALL FALL ASLEEP, WHERE DO WE GO?",3/29/2019,r&b,urban contemporary,0.319,0.0561,0.0,-23.023,1.0,0.045,0.935,0.00384,0.388,0.082,79.764,242652.0,http://soundcloud.com/chiara-bellante/the-cardigans-my-favourite-game
goodbye,28,2019-04-01,Billie Eilish,https://open.spotify.com/track/3LgWsmilsrWXiPYQFRD0T7,United States,662046.0,46.0,goodbye,8/2/2019,pop,electropop,0.591,0.779,8.0,-7.372,1.0,0.0576,0.0961,0.184,0.0868,0.36,145.027,178759.0,http://soundcloud.com/rod-brawley/mainstream-07630731
Dedication (feat. Kendrick Lamar),31,2019-04-01,Nipsey Hussle,https://open.spotify.com/track/6fIjnWrv46njJHLDAY2JdC,United States,626420.0,67.0,Victory Lap,2/16/2018,rap,southern hip hop,0.512,0.734,8.0,-5.448,0.0,0.438,0.431,0.0,0.226,0.168,93.995,245813.0,http://soundcloud.com/thestooges/i-wanna-be-your-dog-3
Faucet Failure,32,2019-04-01,Ski Mask The Slump God,https://open.spotify.com/track/1ThmUihH9dF8EV08ku5AXN,United States,619103.0,82.0,STOKELEY,11/30/2018,rap,gangster rap,0.935,0.552,10.0,-9.373,0.0,0.335,0.111,0.0,0.0952,0.615,99.993,145627.0,http://soundcloud.com/madisonbeer/say-it-to-my-face
My Bad,41,2019-04-01,Khalid,https://open.spotify.com/track/1DUSuNhF8P5vUGNPpQiZa5,United States,566939.0,71.0,My Bad,3/7/2019,r&b,urban contemporary,0.645,0.568,5.0,-9.127,0.0,0.0823,0.543,0.266,0.257,0.391,84.999,166101.0,http://soundcloud.com/16prince/frenship-emilywarren-capsizedit
Double Up (feat. Belly and Dom Kennedy),43,2019-04-01,Nipsey Hussle,https://open.spotify.com/track/4iVD0fTHGxV9JWloujsL3s,United States,559297.0,70.0,Victory Lap,2/16/2018,rap,southern hip hop,0.604,0.436,2.0,-8.32,1.0,0.188,0.0544,0.000242,0.162,0.239,107.978,361280.0,http://soundcloud.com/mixlatinmusic/bachata-mix-2016-romeo-santos-prince-royce-rommel-hunter-toby-love-leslie-grace-karlos-rose
Here With Me,47,2019-04-01,"Marshmello, CHVRCHES",https://open.spotify.com/track/5icOoE6VgqFKohjWWNp0Ac,United States,548156.0,83.0,Here With Me,3/8/2019,pop,dance pop,0.791,0.565,5.0,-3.933,0.0,0.0439,0.0623,0.0,0.156,0.181,99.961,156347.0,http://soundcloud.com/hannah-cheramie/quiet-natalie-weiss
Old Town Road (feat. Billy Ray Cyrus) - Remix,1,2019-05-01,Lil Nas X,https://open.spotify.com/track/6u7jPi22kF8CTQ3rb9DHE7,United States,1490233.0,40.0,Old Town Road,4/5/2019,pop,indie poptimism,0.878,0.619,6.0,-5.56,1.0,0.102,0.0533,0.0,0.113,0.639,136.041,157067.0,http://soundcloud.com/yungucci/da-shine-remix
ME! (feat. Brendon Urie of Panic! At The Disco),3,2019-05-01,Taylor Swift,https://open.spotify.com/track/4Sib57MmYGJzSvkW84jTwh,United States,1407982.0,29.0,ME!,4/26/2019,pop,indie poptimism,0.614,0.839,0.0,-4.143,1.0,0.0702,0.0291,0.0,0.112,0.657,182.123,193040.0,http://soundcloud.com/smoothjazzallstars/keep-it-comin-keith-sweat
Talk (feat. Disclosure),6,2019-05-01,Khalid,https://open.spotify.com/track/6TqXcAFInzjp0bODyvrWEq,United States,967915.0,82.0,Free Spirit,4/5/2019,latin,latin pop,0.901,0.4,0.0,-8.575,1.0,0.126,0.051,0.0,0.0599,0.346,135.984,197573.0,http://soundcloud.com/anthony27-1/locked-away-rcity-ft-adam-levine-anthony-gallivan-cover
Sanguine Paradise,8,2019-05-01,Lil Uzi Vert,https://open.spotify.com/track/3XiNC94b4Tq1xwv70sQJGN,United States,931503.0,82.0,Sanguine Paradise,4/9/2019,rap,hip hop,0.729,0.603,6.0,-6.736,0.0,0.0666,0.0948,0.0,0.113,0.207,134.972,243976.0,http://soundcloud.com/scorpionium/give-it-all-rise-against
Truth Hurts,11,2019-05-01,Lizzo,https://open.spotify.com/track/4HFpIAtiojlAuYNmITpYGn,United States,785561.0,51.0,Good as Hell,3/9/2016,pop,indie poptimism,0.715,0.624,4.0,-3.046,0.0,0.114,0.11,0.0,0.123,0.412,158.087,173325.0,http://soundcloud.com/starleymusic/starley-signs
Boy With Luv (feat. Halsey),21,2019-05-01,BTS,https://open.spotify.com/track/5KawlOMHjWeUjQtnuRs22c,United States,643783.0,85.0,MAP OF THE SOUL : PERSONA,4/12/2019,pop,dance pop,0.645,0.862,11.0,-4.757,0.0,0.0965,0.0923,0.0,0.192,0.798,119.991,229773.0,http://soundcloud.com/shalala-1/gabin-doo-uap-doo-uap-doo-uap
Pop Out (feat. Lil Tjay),24,2019-05-01,Polo G,https://open.spotify.com/track/5AjINjwKyRvQJhSe2zpPHi,United States,591470.0,84.0,Die A Legend,6/7/2019,rap,hip hop,0.772,0.639,1.0,-7.119,1.0,0.467,0.15,0.0,0.0698,0.261,168.112,166560.0,http://soundcloud.com/paula-abdul-official/opposites-attract-1
SOS,26,2019-05-01,"Avicii, Aloe Blacc",https://open.spotify.com/track/6nDKrPlXdpomGBgAlO7UdP,United States,579578.0,49.0,SOS,2/19/2019,r&b,neo soul,0.7,0.316,4.0,-10.26,1.0,0.0384,0.562,0.00429,0.116,0.55,72.936,187242.0,http://soundcloud.com/franciscolizana/one-more-time-daft-punk
Suge,29,2019-05-01,DaBaby,https://open.spotify.com/track/2gwkD6igEhQbDQegRCcdoB,United States,555717.0,87.0,Baby On Baby,3/1/2019,rap,hip hop,0.876,0.662,2.0,-6.482,0.0,0.426,0.0608,0.0,0.127,0.844,75.445,163320.0,http://soundcloud.com/tracychapmanofficial/tracy-chapman-fast-car
Paradise,35,2019-05-01,Bazzi,https://open.spotify.com/track/7njKgVl3AnLflRad38o7AG,United States,520145.0,32.0,Daydreamer,10/26/2018,pop,dance pop,0.54,0.552,5.0,-7.702,1.0,0.031,0.0494,6.21e-06,0.332,0.456,114.978,227080.0,http://soundcloud.com/musa-trap/criminal-neo-pistea
That's a Rack,43,2019-05-01,Lil Uzi Vert,https://open.spotify.com/track/4pCEIQ6wBVuaJdER5bALtO,United States,484010.0,74.0,That's a Rack,4/9/2019,rap,trap,0.852,0.432,1.0,-8.04,0.0,0.501,0.0599,0.0,0.146,0.258,140.042,236571.0,http://soundcloud.com/anton-alfredsson-677557/middle-of-the-night-elley-duhe-nightcore
Outta My Head (with John Mayer),45,2019-05-01,Khalid,https://open.spotify.com/track/09oZ9eXQ2fo6YDrPzJqAoP,United States,466178.0,75.0,Free Spirit,4/5/2019,latin,latin pop,0.729,0.545,0.0,-7.818,1.0,0.0316,0.0174,0.000274,0.369,0.514,103.012,177067.0,http://soundcloud.com/user2331585/nova-y-jory-feat-daddy-yankee
The London (feat. J. Cole & Travis Scott),3,2019-06-01,Young Thug,https://open.spotify.com/track/7DcvwMAiqKJQD1rrdfxSDx,United States,1297549.0,79.0,So Much Fun,8/16/2019,rap,hip hop,0.784,0.517,4.0,-8.981,0.0,0.209,0.0249,1.44e-06,0.155,0.206,97.991,200187.0,http://soundcloud.com/alicwalls/exchange-bryson-tiller-cover
EARFQUAKE,4,2019-06-01,"Tyler, The Creator",https://open.spotify.com/track/5hVghJ4KaYES3BFUATCYn0,United States,1206971.0,84.0,IGOR,5/17/2019,rap,hip hop,0.554,0.498,9.0,-8.866,1.0,0.0685,0.23,5.98e-06,0.795,0.413,79.635,190067.0,http://soundcloud.com/atlanticrecords/zac-efron-zendaya-rewrite-the-stars
I Don't Care (with Justin Bieber),7,2019-06-01,Ed Sheeran,https://open.spotify.com/track/3HVWdVOQ0ZA45FuZGSfvns,United States,1121743.0,84.0,No.6 Collaborations Project,7/12/2019,pop,post-teen pop,0.798,0.675,6.0,-5.041,1.0,0.0442,0.0912,0.0,0.0894,0.842,101.956,219947.0,http://soundcloud.com/user-464938314-414745256/nightcore-feel-invincible-skillet
Press,10,2019-06-01,Cardi B,https://open.spotify.com/track/6dPyzkyZwoj9LqjQXOFdVv,United States,882904.0,74.0,Press,5/31/2019,r&b,hip pop,0.888,0.525,1.0,-5.665,1.0,0.305,0.029,5.68e-06,0.137,0.243,133.983,143792.0,http://soundcloud.com/major-label-entertainment/love-hate-relationship
Never Really Over,11,2019-06-01,Katy Perry,https://open.spotify.com/track/5PYQUBXc7NYeI1obMKSJK0,United States,865984.0,85.0,Never Really Over,5/31/2019,pop,dance pop,0.77,0.882,8.0,-4.792,1.0,0.0602,0.194,0.0,0.316,0.385,99.991,223523.0,http://soundcloud.com/arcangel-official/enamorado-de-ti-album-version
If I Can't Have You,13,2019-06-01,Shawn Mendes,https://open.spotify.com/track/6LsAAHotRLMOHfCsSfYCsz,United States,857281.0,84.0,If I Can't Have You,5/3/2019,pop,indie poptimism,0.692,0.809,2.0,-4.198,1.0,0.0602,0.524,0.0,0.147,0.864,123.911,190800.0,http://soundcloud.com/jellyrollstrugglejennings/dearly-departed
Mother's Daughter,14,2019-06-01,Miley Cyrus,https://open.spotify.com/track/2WyRfGeHo97VC5mP1BBSzr,United States,811114.0,77.0,SHE IS COMING,5/31/2019,r&b,hip pop,0.681,0.865,1.0,-4.132,0.0,0.0594,0.00464,0.00169,0.149,0.528,91.017,219080.0,http://soundcloud.com/degree_music/heaven-is-a-place-on-earth
Cross Me (feat. Chance the Rapper & PnB Rock),21,2019-06-01,Ed Sheeran,https://open.spotify.com/track/543bCW2ruMPmxUBWirQ3MR,United States,649730.0,73.0,No.6 Collaborations Project,7/12/2019,r&b,urban contemporary,0.746,0.787,4.0,-6.373,1.0,0.12,0.214,0.0,0.0669,0.607,95.005,206187.0,http://soundcloud.com/melwaitersofficial/got-my-whiskey
Isis,24,2019-06-01,"Joyner Lucas, Logic",https://open.spotify.com/track/36TO60sxDduIsO3xH8IcUh,United States,608714.0,78.0,Isis,5/23/2019,rap,hip hop,0.918,0.837,1.0,-6.792,1.0,0.255,0.234,0.0,0.227,0.855,120.017,236000.0,http://soundcloud.com/octobersveryown/dj-khaled-no-new-friends
Easier,30,2019-06-01,5 Seconds of Summer,https://open.spotify.com/track/4tNXntkAzQ5A2dfYRYGIIQ,United States,561731.0,5.0,Easier,10/17/2016,pop,indie poptimism,0.449,0.511,1.0,-5.995,1.0,0.0419,0.198,0.00946,0.0759,0.221,116.286,272600.0,http://soundcloud.com/cleanbandit/mama-feat-ellie-goulding
Under Enemy Arms,33,2019-06-01,Trippie Redd,https://open.spotify.com/track/1NF9EkR5OpMaoVWbsllcm9,United States,544012.0,64.0,Under Enemy Arms,5/29/2019,rap,trap,0.751,0.776,9.0,-5.266,0.0,0.0357,0.223,0.0,0.0507,0.603,129.987,162462.0,http://soundcloud.com/kriegherz/misfire-queen
Find U Again (feat. Camila Cabello),34,2019-06-01,Mark Ronson,https://open.spotify.com/track/1HpzOCZbNWzxvvXfSGtSrX,United States,541013.0,74.0,Find U Again (feat. Camila Cabello),5/30/2019,pop,dance pop,0.605,0.664,8.0,-7.162,1.0,0.0316,0.00548,3e-06,0.204,0.164,103.997,176417.0,http://soundcloud.com/scottrek-160/foo-fighters-i-am-a-river
Homicide (feat. Eminem),35,2019-06-01,Logic,https://open.spotify.com/track/2MuMD298IpYqKF367wegUd,United States,537809.0,19.0,Confessions of a Dangerous Mind,5/10/2019,rap,hip hop,0.694,0.759,10.0,-5.667,0.0,0.398,0.137,0.0,0.167,0.77,140.055,245387.0,http://soundcloud.com/banes-world/stay-away-from-my-baby
Shotta Flow,44,2019-06-01,NLE Choppa,https://open.spotify.com/track/4dAMdQ6g4kGmnc1MDHsg77,United States,471597.0,76.0,Shotta Flow,1/17/2019,rap,gangster rap,0.888,0.43,9.0,-6.728,1.0,0.588,0.0786,1.58e-06,0.132,0.45,120.088,160013.0,http://soundcloud.com/tomigabi/t-spoon-sex-on-the-beach-dr
lovely (with Khalid),49,2019-06-01,Billie Eilish,https://open.spotify.com/track/0u2P5u6lvoDfwTYjAADbn4,United States,452775.0,89.0,lovely (with Khalid),4/19/2018,r&b,urban contemporary,0.351,0.296,4.0,-10.109,0.0,0.0333,0.934,0.0,0.095,0.12,115.284,200186.0,http://soundcloud.com/jordan_smith95/dancing-with-myself-generation-x
Panini,2,2019-07-01,Lil Nas X,https://open.spotify.com/track/6fTt0CH2t0mdeB2N9XFG5r,United States,1620646.0,79.0,Panini,9/13/2019,pop,post-teen pop,0.703,0.594,5.0,-6.146,0.0,0.0752,0.342,0.0,0.123,0.475,153.848,114893.0,http://soundcloud.com/noel-alejandro-470190620/de-noche-todos-los-gatos-son-pardos
Money In The Grave (Drake ft. Rick Ross),3,2019-07-01,Drake,https://open.spotify.com/track/5ry2OE6R2zPQFDO85XkgRb,United States,1537161.0,88.0,The Best In The World Pack,6/15/2019,rap,hip hop,0.831,0.502,10.0,-4.045,0.0,0.046,0.101,0.0,0.122,0.101,100.541,205427.0,http://soundcloud.com/robot-koch/here-with-me
Beautiful People (feat. Khalid),5,2019-07-01,Ed Sheeran,https://open.spotify.com/track/4evmHXcjt3bTUHD1cvny97,United States,1206852.0,89.0,Beautiful People (feat. Khalid),6/28/2019,pop,post-teen pop,0.64,0.648,5.0,-8.113,0.0,0.187,0.124,0.0,0.0802,0.548,92.977,197867.0,http://soundcloud.com/lauren-tauala/sunshine-bosko-remix-lil-flip-feat-lea
Ransom,8,2019-07-01,Lil Tecca,https://open.spotify.com/track/1kBbgxAUc4HQv7cgIayIDH,United States,1099739.0,52.0,Ransom,6/4/2019,rap,trap,0.745,0.642,7.0,-6.257,0.0,0.287,0.0204,0.0,0.0658,0.226,179.974,131280.0,http://soundcloud.com/guh_ree_no/kathleen-catfish-and-the
Rodeo,9,2019-07-01,"Lil Nas X, Cardi B",https://open.spotify.com/track/4ak7xjvBeBOcJGWFDX9w5n,United States,1059249.0,78.0,7 EP,6/21/2019,rap,hip hop,0.706,0.679,9.0,-5.614,1.0,0.0324,0.139,6.98e-05,0.465,0.657,140.081,158707.0,http://soundcloud.com/martijncourteaux/wicked-game
You Need To Calm Down,11,2019-07-01,Taylor Swift,https://open.spotify.com/track/29fRTIKsJhLUJoldM89GZS,United States,973739.0,86.0,Lover,8/23/2019,pop,post-teen pop,0.771,0.671,2.0,-5.617,1.0,0.0553,0.00929,0.0,0.0637,0.714,85.026,171360.0,http://soundcloud.com/kygo/marvin-gaye-sexual-healing
It's You,17,2019-07-01,Ali Gatie,https://open.spotify.com/track/6moU77g9RQyMzHNuKEaQKq,United States,783495.0,89.0,YOU,11/8/2019,pop,post-teen pop,0.732,0.463,11.0,-6.972,0.0,0.0287,0.374,0.0,0.194,0.397,95.971,212607.0,http://soundcloud.com/lordedward3/breakdown-tom-petty-and-the-heartbreakers
On A Roll,27,2019-07-01,Ashley O,https://open.spotify.com/track/56JyMaElW79S7TDWh1Zw1m,United States,589459.0,70.0,On A Roll,6/14/2019,pop,dance pop,0.737,0.81,5.0,-6.354,1.0,0.0896,0.077,0.0,0.0523,0.387,125.005,154448.0,http://soundcloud.com/mf-doom-official/gas-drawls
Higher Love,30,2019-07-01,"Kygo, Whitney Houston",https://open.spotify.com/track/6oJ6le65B3SEqPwMRNXWjY,United States,572091.0,48.0,Higher Love,1/29/2016,latin,tropical,0.648,0.433,7.0,-10.655,1.0,0.0311,0.669,0.000773,0.125,0.349,109.951,244208.0,http://soundcloud.com/joe-uhl-1/anythang-devin-the-dude
Only Human,32,2019-07-01,Jonas Brothers,https://open.spotify.com/track/0DiDStADDVh3SvAsoJAFMk,United States,551410.0,86.0,Happiness Begins,6/7/2019,latin,latin pop,0.795,0.496,0.0,-5.883,1.0,0.0722,0.108,0.0,0.0645,0.874,94.01,183000.0,http://soundcloud.com/austinpmckenzie/dark-black-heart
Don't Check On Me (feat. Justin Bieber & Ink),34,2019-07-01,Chris Brown,https://open.spotify.com/track/7ILEWkpfdK6AjH2D7jppWk,United States,547345.0,71.0,Don't Check On Me (feat. Justin Bieber & Ink),6/25/2019,latin,latin pop,0.66,0.395,7.0,-5.242,1.0,0.0333,0.873,0.0,0.112,0.678,81.997,204880.0,http://soundcloud.com/dontoliver/no-idea
The Git Up,47,2019-07-01,Blanco Brown,https://open.spotify.com/track/5dW1VZPcFqB4n0P08rGDgm,United States,445007.0,52.0,The Git Up,5/3/2019,pop,electropop,0.847,0.678,9.0,-8.635,1.0,0.109,0.0669,0.0,0.274,0.811,97.984,200594.0,http://soundcloud.com/bnyx/never-let-u-go
"Baguettes in the Face (feat. NAV, Playboi Carti & A Boogie Wit da Hoodie)",49,2019-07-01,Mustard,https://open.spotify.com/track/2zjGJ0dChMR0KxBZS15aqo,United States,437025.0,82.0,Perfect Ten,6/28/2019,rap,hip hop,0.883,0.525,2.0,-8.054,0.0,0.0633,0.189,0.0,0.0971,0.312,99.978,174100.0,http://soundcloud.com/slouxofficial/cat-dealers-tom-novy-your-body-sloux-bootleg-free-download
Callaita,50,2019-07-01,"Bad Bunny, Tainy",https://open.spotify.com/track/2TH65lNHgvLxCKXM3apjxI,United States,436703.0,90.0,Callaita,5/31/2019,pop,post-teen pop,0.61,0.624,2.0,-4.773,1.0,0.309,0.6,2.12e-06,0.243,0.244,176.169,250534.0,http://soundcloud.com/alicecooperofficial/alice-cooper-billion-dollar
How Do You Sleep?,13,2019-08-01,Sam Smith,https://open.spotify.com/track/6b2RcmUt1g9N9mQ3CbjX2Y,United States,745120.0,91.0,How Do You Sleep?,7/19/2019,pop,post-teen pop,0.477,0.682,1.0,-4.931,0.0,0.0925,0.153,0.0,0.0763,0.345,110.567,202205.0,http://soundcloud.com/tommisch/tom-misch-crazy-dream-feat-loyle-carner
Old Town Road - Remix,16,2019-08-01,"Lil Nas X, Billy Ray Cyrus",https://open.spotify.com/track/2YpeDb67231RjR0MgVLzsG,United States,695153.0,90.0,7 EP,6/21/2019,pop,post-teen pop,0.878,0.619,6.0,-5.56,1.0,0.102,0.0533,0.0,0.113,0.639,136.041,157067.0,http://soundcloud.com/chicagocrook/21-ice-t-new-jack-hustler
Shotta Flow (Feat. Blueface) [Remix],24,2019-08-01,NLE Choppa,https://open.spotify.com/track/67XyC1GdSkKb9sbRRkUDXS,United States,596375.0,80.0,Shotta Flow (Feat. Blueface) [Remix],6/20/2019,rap,gangster rap,0.894,0.511,2.0,-4.768,1.0,0.42,0.0251,0.0,0.14,0.568,120.08,176632.0,http://soundcloud.com/gawvi/in-the-water
bad guy (with Justin Bieber),25,2019-08-01,Billie Eilish,https://open.spotify.com/track/3yNZ5r3LKfdmjoS3gkhUCT,United States,581311.0,83.0,bad guy (with Justin Bieber),7/11/2019,pop,dance pop,0.67,0.453,0.0,-11.265,1.0,0.295,0.252,0.33,0.117,0.68,135.055,194840.0,http://soundcloud.com/user-981240285/holding-space
Baby,28,2019-08-01,"Quality Control, Lil Baby, DaBaby",https://open.spotify.com/track/2nKYHpmwjLaEOXS3o7QMiz,United States,551454.0,47.0,Brandy,1994,r&b,new jack swing,0.807,0.651,5.0,-6.714,0.0,0.0477,0.0236,6.65e-06,0.174,0.829,91.028,313293.0,http://soundcloud.com/alexdevonx/hard-times
Gold Roses (feat. Drake),35,2019-08-01,Rick Ross,https://open.spotify.com/track/4aPB8rSxGFISs0o6V2LrTy,United States,488056.0,69.0,Gold Roses (feat. Drake),7/26/2019,rap,hip hop,0.581,0.642,1.0,-5.318,1.0,0.407,0.0519,0.0,0.183,0.536,80.142,345160.0,http://soundcloud.com/metroboomin/future-monster-prod-by-metro-boomin-southside
Hate Me (with Juice WRLD),50,2019-08-01,Ellie Goulding,https://open.spotify.com/track/6kls8cSlUyHW2BUOkDJIZE,United States,405208.0,88.0,Hate Me (with Juice WRLD),6/26/2019,pop,post-teen pop,0.657,0.768,8.0,-4.628,1.0,0.0507,0.108,0.0,0.144,0.759,75.025,186223.0,http://soundcloud.com/gladesmusicau/drive
Circles,1,2019-09-01,Post Malone,https://open.spotify.com/track/4VginDwYTP2eaHJzO0QMjG,United States,1729280.0,31.0,Circles,5/18/2018,pop,dance pop,0.738,0.673,0.0,-6.355,0.0,0.0258,0.554,4.16e-05,0.11,0.769,114.006,230904.0,http://soundcloud.com/bennicky/ben-nicky-standerwick-christina-novelli-i-surrender-extended-mix
Lover,7,2019-09-01,Taylor Swift,https://open.spotify.com/track/1dGr1c8CrMLDpV6mPbImSI,United States,879388.0,24.0,Stage (2),2/3/2004,r&b,neo soul,0.695,0.383,10.0,-9.988,0.0,0.0416,0.632,1.35e-05,0.101,0.6,81.127,298347.0,http://soundcloud.com/chelseacutler/you-are-losing-me
The Man,14,2019-09-01,Taylor Swift,https://open.spotify.com/track/3RauEVgRgj1IuWdJ9fDs70,United States,671371.0,60.0,Lift Your Spirit,1/1/2013,pop,electropop,0.533,0.755,11.0,-7.25,0.0,0.0419,0.0332,0.0,0.233,0.472,86.034,255907.0,http://soundcloud.com/nickianton/tony-thompson-teddy-riley-i-wanna-love-like-that-s-doogie-rap-mix
boyfriend (with Social House),17,2019-09-01,Ariana Grande,https://open.spotify.com/track/0Ryd8975WihbObpp5cPW1t,United States,648975.0,84.0,boyfriend,8/2/2019,pop,post-teen pop,0.4,0.795,10.0,-3.731,0.0,0.461,0.119,0.0,0.159,0.702,190.097,186107.0,http://soundcloud.com/alexander-austere/jimi-hendrix-purple-haze
Did It Again,18,2019-09-01,Lil Tecca,https://open.spotify.com/track/6alCTRgBPoeAFi2N4il9Q4,United States,641108.0,41.0,Did It Again,7/24/2019,rap,trap,0.699,0.575,1.0,-9.922,1.0,0.159,0.218,0.0,0.112,0.234,148.767,116240.0,http://soundcloud.com/liltecca/lil-tecca-did-it-again
Good as Hell,21,2019-09-01,Lizzo,https://open.spotify.com/track/3Yh9lZcWyKrK9GjbhuS0hR,United States,614046.0,83.0,Good as Hell,3/9/2016,r&b,urban contemporary,0.682,0.919,0.0,-3.18,0.0,0.0875,0.256,0.0,0.442,0.535,95.982,159736.0,http://soundcloud.com/zedd/find-you-acapella
Bad Bad Bad (feat. Lil Baby),23,2019-09-01,Young Thug,https://open.spotify.com/track/1GeNui6m825V8jP4uKiIaH,United States,591566.0,81.0,So Much Fun,8/16/2019,rap,hip hop,0.974,0.596,6.0,-8.888,1.0,0.184,0.0976,0.0,0.151,0.892,111.959,149040.0,http://soundcloud.com/greenday/boulevard-of-broken-dreams-3
Ransom (with Juice WRLD) - Remix,24,2019-09-01,Lil Tecca,https://open.spotify.com/track/0DZJACISivjWjscIp5Kg1q,United States,567811.0,41.0,Ransom (Remix),8/15/2019,r&b,urban contemporary,0.683,0.667,2.0,-6.436,0.0,0.276,0.0105,0.0,0.076,0.373,180.005,171227.0,http://soundcloud.com/winterland_blog/shower-the-people-james-taylor
Hot Girl Summer (feat. Nicki Minaj & Ty Dolla $ign),27,2019-09-01,Megan Thee Stallion,https://open.spotify.com/track/5N1o6d8zGcSZSeMFkOUQOk,United States,546508.0,53.0,Hot Girl Summer (feat. Nicki Minaj & Ty Dolla $ign),8/8/2019,latin,latin hip hop,0.654,0.812,0.0,-4.567,1.0,0.267,0.00616,2.44e-05,0.29,0.514,132.023,199427.0,http://soundcloud.com/boat-rockers/lido-shuffle-boz-scaggs
Hot (feat. Gunna),28,2019-09-01,Young Thug,https://open.spotify.com/track/5Z8HZM6iQMhhqyPcCGY5g9,United States,540298.0,83.0,So Much Fun,8/16/2019,rap,hip hop,0.855,0.651,0.0,-8.044,0.0,0.235,0.063,0.0,0.0772,0.559,111.997,193027.0,http://soundcloud.com/riotfm876/richard-bachman-show-ep-135-fri-04-01-19
Love Me,29,2019-09-01,Lil Tecca,https://open.spotify.com/track/3TLwAp3uX1nKsVxrDhNPOL,United States,537191.0,65.0,My World,1/1/2009,latin,latin hip hop,0.729,0.868,3.0,-3.319,1.0,0.0609,0.00939,0.0,0.283,0.632,124.957,191573.0,http://soundcloud.com/user-50663218/back-in-the-saddleaerosmith
Babushka Boi,31,2019-09-01,A$AP Rocky,https://open.spotify.com/track/643PW82aBMUa1FiWi5VQY7,United States,529765.0,77.0,Babushka Boi,8/28/2019,rap,hip hop,0.897,0.743,10.0,-5.446,0.0,0.222,0.304,4.44e-05,0.137,0.905,134.979,187105.0,http://soundcloud.com/wickid-55681438/helado-daniel-sabaterr
I Forgot That You Existed,34,2019-09-01,Taylor Swift,https://open.spotify.com/track/43rA71bccXFGD4C8GOpIlN,United States,506003.0,79.0,Lover,8/23/2019,r&b,hip pop,0.664,0.316,5.0,-10.345,1.0,0.519,0.298,2.03e-06,0.0812,0.541,92.875,170640.0,http://soundcloud.com/shay-k/bobby-v-slow-down-shayk-remix-clip
Slide Away,37,2019-09-01,Miley Cyrus,https://open.spotify.com/track/44ADyYoY5liaRa3EOAl4uf,United States,472159.0,81.0,Slide Away,8/16/2019,pop,post-teen pop,0.53,0.538,5.0,-6.672,1.0,0.0335,0.17,2.83e-06,0.248,0.288,148.051,233654.0,http://soundcloud.com/uncovered-collective/dyer-maker
Motivation,44,2019-09-01,Normani,https://open.spotify.com/track/0rIAC4PXANcKmitJfoqmVm,United States,421287.0,83.0,Motivation,8/16/2019,pop,dance pop,0.599,0.887,4.0,-3.967,1.0,0.0984,0.0192,1.21e-06,0.3,0.881,170.918,193837.0,http://soundcloud.com/lil_peep/save-that-shit
Dance Monkey,45,2019-09-01,Tones And I,https://open.spotify.com/track/1rgnBhdG2JDFTbYkYRZAku,United States,418621.0,79.0,Dance Monkey,5/10/2019,pop,post-teen pop,0.825,0.593,6.0,-6.401,0.0,0.0988,0.688,0.000161,0.17,0.54,98.078,209755.0,http://soundcloud.com/foolsgoldrecs/grown-up-explicit
Bezerk (feat. A$AP Ferg),47,2019-09-01,"Big Sean, Hit-Boy",https://open.spotify.com/track/2B9wgj9XzbJZLty03PRbVo,United States,413163.0,74.0,Bezerk,8/26/2019,rap,hip hop,0.684,0.687,2.0,-4.673,1.0,0.2,0.0164,0.0,0.253,0.265,184.026,151067.0,http://soundcloud.com/michael-shaboo-napier/mc-brains-oochie-coochie-sha
Norman fucking Rockwell,48,2019-09-01,Lana Del Rey,https://open.spotify.com/track/3RIgHHpnFKj5Rni1shokDj,United States,411997.0,75.0,Norman Fucking Rockwell!,8/30/2019,r&b,hip pop,0.218,0.215,5.0,-12.49,1.0,0.0368,0.967,0.0847,0.0948,0.138,76.74,248934.0,http://soundcloud.com/arnaudrebotini/01-black-strobe-boogie-in
BOP,4,2019-10-01,DaBaby,https://open.spotify.com/track/6Ozh9Ok6h4Oi1wUSLtBseN,United States,1018852.0,93.0,KIRK,9/27/2019,rap,hip hop,0.769,0.787,11.0,-3.909,1.0,0.367,0.189,0.0,0.129,0.836,126.77,159715.0,http://soundcloud.com/tonyromera/armand-van-helden-feat-duane-harden-you-dont-know-me-tony-romera-rework-1
VIBEZ,12,2019-10-01,DaBaby,https://open.spotify.com/track/0fySG6A6qLE8IvDpayb5bM,United States,869050.0,88.0,KIRK,9/27/2019,rap,hip hop,0.768,0.652,1.0,-2.708,0.0,0.307,0.113,0.0,0.107,0.777,154.187,144935.0,http://soundcloud.com/shinoflow/love-of-lesbian-shinoflow
Enemies (feat. DaBaby),14,2019-10-01,Post Malone,https://open.spotify.com/track/0Xek5rqai2jcOWCYWJfVCF,United States,848476.0,46.0,Hollywood's Bleeding,9/6/2019,rap,hip hop,0.542,0.674,6.0,-4.169,1.0,0.21,0.0588,0.0,0.0955,0.667,76.388,196760.0,http://soundcloud.com/daniel_drc_2/don-omar-luna-llena
Camelot,15,2019-10-01,NLE Choppa,https://open.spotify.com/track/4sWuPniHClkInYAnzXAYUF,United States,842684.0,85.0,Camelot,9/13/2019,rap,gangster rap,0.787,0.713,7.0,-5.252,1.0,0.401,0.0849,0.0,0.717,0.762,175.041,148759.0,http://soundcloud.com/warnerrecords/art-of-dying-die-trying
Memories,25,2019-10-01,Maroon 5,https://open.spotify.com/track/2b8fOow8UzyDFAE27YhOZM,United States,643819.0,29.0,Stoned Raiders,12/4/2001,latin,latin hip hop,0.896,0.815,5.0,-5.327,0.0,0.169,0.00557,0.00107,0.366,0.712,95.954,248933.0,http://soundcloud.com/kelly-grevler/song_s_2
Hollywood's Bleeding,26,2019-10-01,Post Malone,https://open.spotify.com/track/7sWRlDoTDX8geTR8zzr2vt,United States,642927.0,51.0,Hollywood's Bleeding,12/11/2019,rap,trap,0.373,0.813,4.0,-3.831,0.0,0.0952,0.0492,0.0,0.163,0.207,160.048,206847.0,http://soundcloud.com/chilligenetwork/outside
On The Road (feat. Meek Mill & Lil Baby),36,2019-10-01,Post Malone,https://open.spotify.com/track/12Fkyg9lpmaz2zmKOfw2Y2,United States,551364.0,44.0,Hollywood's Bleeding,9/6/2019,rap,hip hop,0.442,0.737,7.0,-5.046,1.0,0.109,0.0589,0.0,0.102,0.21,112.93,218320.0,http://soundcloud.com/los-angeles-azules/los-angeles-azules-nunca-es-suficiente-ft-natalia-lafourcade
TOES (feat. Lil Baby & Moneybagg Yo),37,2019-10-01,DaBaby,https://open.spotify.com/track/2FvD20Z8aoWIePi7PoN8sG,United States,549181.0,86.0,KIRK,9/27/2019,rap,hip hop,0.816,0.582,8.0,-4.141,1.0,0.341,0.0794,5.84e-06,0.0916,0.542,160.004,136366.0,http://soundcloud.com/dj-guy-vilinga/dj-khaled-im-so-hood-ft-t-pain-plies-trick-daddy
Panini - DaBaby Remix,38,2019-10-01,Lil Nas X,https://open.spotify.com/track/4SDgTLDYrJ2UrHbkRkg7MD,United States,541491.0,82.0,Panini,9/13/2019,rap,gangster rap,0.717,0.598,5.0,-5.613,0.0,0.0809,0.22,0.0,0.122,0.496,153.905,151040.0,http://soundcloud.com/root-doctor/baby-youre-bad
HIGHEST IN THE ROOM,1,2019-11-01,Travis Scott,https://open.spotify.com/track/3eekarcy7kvN4yt5ZFzltW,United States,1507531.0,94.0,HIGHEST IN THE ROOM,10/4/2019,pop,post-teen pop,0.598,0.427,7.0,-8.764,0.0,0.0317,0.0546,5.83e-06,0.21,0.0605,76.469,175721.0,http://soundcloud.com/alt-j/breezeblocks
Lose You To Love Me,2,2019-11-01,Selena Gomez,https://open.spotify.com/track/1HfMVBKM75vxSfsQ5VefZ5,United States,1399006.0,93.0,Lose You To Love Me,10/23/2019,pop,dance pop,0.505,0.34,4.0,-9.005,1.0,0.0438,0.576,0.0,0.21,0.0916,101.993,206459.0,http://soundcloud.com/zedd/bn-greyremix
Bandit (with YoungBoy Never Broke Again),4,2019-11-01,Juice WRLD,https://open.spotify.com/track/6Gg1gjgKi2AK4e0qzsR7sd,United States,1303534.0,92.0,Bandit (with YoungBoy Never Broke Again),10/4/2019,pop,dance pop,0.474,0.631,5.0,-5.884,0.0,0.343,0.0687,0.0,0.132,0.425,180.051,189323.0,http://soundcloud.com/sarlas-music-inc/get-on-your-feet-gloria-estefan-2
Follow God,5,2019-11-01,Kanye West,https://open.spotify.com/track/2QpGZOhTCHHiKmpSO9FW4h,United States,1200464.0,85.0,JESUS IS KING,10/25/2019,pop,post-teen pop,0.529,0.9,1.0,-3.503,1.0,0.418,0.000248,1.21e-05,0.0426,0.434,180.291,104591.0,http://soundcloud.com/nicolasign/cuando-hablamos-javiera-mena
Immortal,7,2019-11-01,21 Savage,https://open.spotify.com/track/4IO8X9W69dIQe0EC5ALXhq,United States,915688.0,42.0,Locked & Loaded,9/17/2013,rock,hard rock,0.377,0.981,5.0,-3.091,1.0,0.0894,9e-05,0.00119,0.351,0.472,172.068,205145.0,http://soundcloud.com/martingarrix/martin-garrix-animals-original
ROXANNE,9,2019-11-01,Arizona Zervas,https://open.spotify.com/track/1ZPWWSwCkxKfqdp4H0RFCo,United States,881230.0,71.0,ROXANNE,10/10/2019,pop,post-teen pop,0.621,0.601,6.0,-5.616,0.0,0.148,0.0522,0.0,0.46,0.457,116.735,163636.0,http://soundcloud.com/user-556126802/sick-individuals-fallin-remix-nalissen
Hot (Remix) [feat. Gunna and Travis Scott],12,2019-11-01,"Travis Scott, Young Thug",https://open.spotify.com/track/56AMYGJzxBO6p8v0wEe9de,United States,832735.0,86.0,Hot (Remix) [feat. Gunna and Travis Scott],11/1/2019,pop,post-teen pop,0.845,0.631,7.0,-8.206,0.0,0.216,0.188,0.0,0.0806,0.545,111.983,279907.0,http://soundcloud.com/moksifamily/slatin-moksi-good-idea-feat-londonbridge-preview
Stuck In A Dream (feat. Gunna),18,2019-11-01,Lil Mosey,https://open.spotify.com/track/5hDAT527wXWNBnJlujhuUs,United States,755653.0,64.0,Stuck In A Dream (feat. Gunna),9/17/2019,pop,post-teen pop,0.753,0.652,10.0,-5.943,0.0,0.0753,0.444,0.0,0.117,0.745,139.962,123560.0,http://soundcloud.com/nocopyrightsounds/diviners-savannah-ft-philly-k-ncs-release
Look At Her Now,20,2019-11-01,Selena Gomez,https://open.spotify.com/track/4yI3HpbSFSgFZtJP2kDe5m,United States,708626.0,86.0,Look At Her Now,10/24/2019,pop,post-teen pop,0.563,0.564,10.0,-7.906,0.0,0.271,0.114,0.0254,0.304,0.55,154.355,162596.0,http://soundcloud.com/interscope/dr-dre-i-need-a-doctor-feat-eminem-and-skylar-grey
Lights Up,24,2019-11-01,Harry Styles,https://open.spotify.com/track/2plLJpUcYPFrl1sW2pMG63,United States,663601.0,74.0,Lights Up,10/11/2019,pop,post-teen pop,0.585,0.62,3.0,-8.09,0.0,0.0327,0.0426,0.00224,0.15,0.281,101.939,172227.0,http://soundcloud.com/miichaelbowley/kiss-and-tell
Good as Hell (feat. Ariana Grande) - Remix,27,2019-11-01,Lizzo,https://open.spotify.com/track/07Oz5StQ7GRoygNLaXs2pd,United States,655363.0,89.0,Good as Hell (feat. Ariana Grande) [Remix],10/25/2019,pop,post-teen pop,0.668,0.892,5.0,-3.001,0.0,0.0645,0.298,0.0,0.735,0.478,95.927,159011.0,http://soundcloud.com/bushaink/cypress-hill-siempre-peligroso-feat-fermin-iv-caballero-bushaink-remix
On God,32,2019-11-01,Kanye West,https://open.spotify.com/track/2SasoXZyv82yYgHiVOvxQn,United States,629948.0,75.0,JESUS IS KING,10/25/2019,r&b,urban contemporary,0.41,0.886,9.0,-4.413,0.0,0.155,0.0671,0.0,0.461,0.393,72.577,136351.0,http://soundcloud.com/spinninrecords/hanne-mjoen-sounds-good-to-me-retrovision-remix-out-now
Make No Sense,34,2019-11-01,YoungBoy Never Broke Again,https://open.spotify.com/track/6klLvorLoo1sxvZcjJIY8I,United States,613453.0,84.0,AI YoungBoy 2,10/11/2019,rap,hip hop,0.876,0.733,10.0,-4.478,0.0,0.333,0.0208,0.0,0.0999,0.962,154.904,148630.0,http://soundcloud.com/loshijosdelpuebloofficial/el-botecito
Love Me More,39,2019-11-01,Trippie Redd,https://open.spotify.com/track/2NSWi83peog6gHerzlMCqU,United States,549032.0,77.0,Love Me More,11/1/2019,rap,trap,0.638,0.539,10.0,-5.853,1.0,0.0504,0.22,0.0,0.241,0.247,83.381,143713.0,http://soundcloud.com/eekkoo/loudplaces
Trampoline (with ZAYN),40,2019-11-01,SHAED,https://open.spotify.com/track/1iQDltZqI7BXnHrFy4Qo1k,United States,547430.0,90.0,Trampoline (with ZAYN),9/26/2019,pop,post-teen pop,0.619,0.459,7.0,-5.782,0.0,0.0334,0.56,0.0,0.137,0.498,126.803,184280.0,http://soundcloud.com/javierortdi/chris-viz-diavla-ft-young-vene
Ballin' (with Roddy Ricch),47,2019-11-01,Mustard,https://open.spotify.com/track/3QzAOrNlsabgbMwlZt7TAY,United States,516116.0,90.0,Perfect Ten,6/28/2019,rap,hip hop,0.809,0.545,7.0,-6.678,1.0,0.0735,0.392,0.0,0.151,0.244,97.008,180435.0,http://soundcloud.com/bigsean-1/me-myself-i-freestyle
Heartless,1,2019-12-01,The Weeknd,https://open.spotify.com/track/57vxBYXtHMk6H1aD29V7PU,United States,1450269.0,93.0,Heartless,11/27/2019,pop,dance pop,0.531,0.75,10.0,-5.831,0.0,0.111,0.00632,7.6e-05,0.117,0.198,169.954,200080.0,http://soundcloud.com/manuel-navarro-14/bajo-el-agua-manuel-medrano
Blinding Lights,3,2019-12-01,The Weeknd,https://open.spotify.com/track/0sf12qNH5qcw8qpgymFOqD,United States,1202999.0,98.0,Blinding Lights,11/29/2019,pop,dance pop,0.513,0.796,1.0,-4.075,1.0,0.0629,0.00147,0.000209,0.0938,0.345,171.017,201573.0,http://soundcloud.com/thegurubeats/wild-wild-west-feat-gunna-offset-type-beat
everything i wanted,5,2019-12-01,Billie Eilish,https://open.spotify.com/track/3ZCTVFBt2Brf31RLEnCkWJ,United States,907479.0,97.0,everything i wanted,11/13/2019,pop,dance pop,0.704,0.225,6.0,-14.454,0.0,0.0994,0.902,0.657,0.106,0.243,120.006,245426.0,http://soundcloud.com/herman-hut/my-life-billy-joel
All I Want for Christmas Is You,6,2019-12-01,Mariah Carey,https://open.spotify.com/track/0bYg9bo50gSsH3LtXe2SQn,United States,894734.0,90.0,Merry Christmas,11/1/1994,r&b,neo soul,0.335,0.625,7.0,-7.462,1.0,0.0386,0.164,0.0,0.0708,0.346,150.277,241107.0,http://soundcloud.com/lyle-903117434/ozzy-osbourne-under-the-graveyard-ohshitijustdied-instrumental
Falling,8,2019-12-01,Trevor Daniel,https://open.spotify.com/track/4TnjEaWOeW0eKTKIEvJyCa,United States,826482.0,47.0,Falling,2/8/2019,r&b,hip pop,0.66,0.641,0.0,-7.145,0.0,0.112,0.23,3.8e-06,0.0884,0.491,84.928,201230.0,http://soundcloud.com/pamela-groove/mint-condition-are-you-free-12-inch-peppermint-mix
Woah,24,2019-12-01,Lil Baby,https://open.spotify.com/track/598yNsG1JFrGd4n2kMoz7F,United States,551911.0,88.0,Woah,11/8/2019,rap,hip hop,0.882,0.602,11.0,-5.554,1.0,0.245,0.0177,0.0,0.178,0.43,142.959,183011.0,http://soundcloud.com/cookin-on-3-burners/this-girl-feat-kylie-auldist
Vete,34,2019-12-01,Bad Bunny,https://open.spotify.com/track/5DxXgozhkPLgrbKFY91w0c,United States,506118.0,64.0,Vete,12/21/2017,rap,trap,0.619,0.563,8.0,-3.414,1.0,0.0865,0.29,0.0,0.128,0.25,139.653,182183.0,http://soundcloud.com/wax-poetics/brand-nubian-one-for-all-25th-anniversary-mixtape-mixed-by-chris-read
6 Kiss,37,2019-12-01,"Trippie Redd, Juice WRLD, YNW Melly",https://open.spotify.com/track/7tgjDlQsMR8RvkdlNCJA58,United States,486750.0,39.0,A Love Letter To You 4,11/26/2019,rap,gangster rap,0.687,0.449,2.0,-10.061,1.0,0.154,0.109,0.0,0.282,0.229,142.048,199437.0,http://soundcloud.com/jakobogawa/you-might-be-sleeping-w-clairo
Watermelon Sugar,38,2019-12-01,Harry Styles,https://open.spotify.com/track/1e9oZCCiX42nJl0AcqriVo,United States,484268.0,90.0,Watermelon Sugar,11/17/2019,pop,post-teen pop,0.548,0.816,0.0,-4.209,1.0,0.0465,0.122,0.0,0.335,0.557,95.39,174000.0,http://soundcloud.com/maxximizerecords/blasterjaxx-monster-feat-junior-funke-kevu-remix
Yellow Hearts,48,2019-12-01,Ant Saunders,https://open.spotify.com/track/2W4yABdLc4Jnds67Poi5Nl,United States,457386.0,62.0,Yellow Hearts,6/18/2019,pop,post-teen pop,0.866,0.399,7.0,-10.938,1.0,0.0745,0.117,0.0,0.0689,0.713,129.047,223256.0,http://soundcloud.com/b-real-12/anybody-ft-drgreenthumb-snoop-lion-kingfly
The Box,1,2020-01-01,Roddy Ricch,https://open.spotify.com/track/0nbXyq5TXYPCO7pr3N8S4I,United States,1812103.0,98.0,Please Excuse Me For Being Antisocial,12/6/2019,rap,hip hop,0.896,0.586,10.0,-6.687,0.0,0.0559,0.104,0.0,0.79,0.642,116.971,196653.0,http://soundcloud.com/bobby-brown-official/thats-the-way-love-is-2
Futsal Shuffle 2020,7,2020-01-01,Lil Uzi Vert,https://open.spotify.com/track/2Ec33AVlkTTq8BHFgBTdQs,United States,893092.0,91.0,Futsal Shuffle 2020,12/12/2019,rap,hip hop,0.881,0.457,7.0,-8.191,0.0,0.156,0.0327,0.0,0.231,0.296,136.97,198913.0,http://soundcloud.com/lil_peep/better-off-dying
Suicidal,13,2020-01-01,YNW Melly,https://open.spotify.com/track/1iSqfoUFnQwV0QW1EfUit8,United States,682998.0,90.0,Melly vs. Melvin,11/22/2019,rap,hip hop,0.736,0.369,9.0,-9.682,0.0,0.0688,0.334,0.0,0.126,0.235,140.005,222997.0,http://soundcloud.com/drixxxe-2/robert-glasper-afro-blue-feat
OUT WEST (feat. Young Thug),14,2020-01-01,"JACKBOYS, Travis Scott",https://open.spotify.com/track/6gi6y1xwmVszDWkUqab1qw,United States,680820.0,87.0,JACKBOYS,12/27/2019,rap,hip hop,0.802,0.591,8.0,-4.895,1.0,0.225,0.0104,0.0,0.196,0.309,139.864,157712.0,http://soundcloud.com/toughlovemusic/donaeo-vs-carnao-beats-gone
Adore You,15,2020-01-01,Harry Styles,https://open.spotify.com/track/3jjujdWJ72nww5eGnfs2E7,United States,676253.0,91.0,Adore You,12/6/2019,pop,dance pop,0.676,0.771,8.0,-3.675,1.0,0.0483,0.0237,7e-06,0.102,0.569,99.048,207133.0,http://soundcloud.com/jimmy-sommerville/06-smalltown-boy
My Oh My (feat. DaBaby),20,2020-01-01,Camila Cabello,https://open.spotify.com/track/3yOlyBJuViE2YSGn3nVE1K,United States,621539.0,94.0,Romance,12/6/2019,pop,post-teen pop,0.724,0.491,8.0,-6.024,1.0,0.0296,0.018,1.29e-05,0.0887,0.383,105.046,170746.0,http://soundcloud.com/zizapadilha/merry-christmas-baby-lou
No Idea,28,2020-01-01,Don Toliver,https://open.spotify.com/track/3VyjsVV24RmBIbWJAeUJNu,United States,580241.0,92.0,No Idea,5/29/2019,rap,hip hop,0.656,0.614,6.0,-4.973,0.0,0.102,0.558,0.000862,0.215,0.35,128.038,153750.0,http://soundcloud.com/themouseoutfit/sit_back_feat_truthos_mufasa_and_black_josh
Death,46,2020-01-01,"Trippie Redd, DaBaby",https://open.spotify.com/track/3Kd6Wp3lG5HXMB2dlvuy7y,United States,431022.0,77.0,A Love Letter To You 4,11/22/2019,rap,hip hop,0.802,0.82,10.0,-5.969,0.0,0.146,0.0579,0.0,0.149,0.613,164.005,172196.0,http://soundcloud.com/davidguetta/say-my-name-feat-bebe-rexha-j-balvinafrojack-chasner-remix
Life Is Good (feat. Drake),2,2020-02-01,Future,https://open.spotify.com/track/5yY9lUy8nbvjM1Uyo1Uqoc,United States,1824364.0,93.0,Life Is Good (feat. Drake),1/10/2020,rap,hip hop,0.676,0.609,2.0,-5.831,0.0,0.481,0.0706,0.0,0.152,0.508,142.037,237735.0,http://soundcloud.com/xussr/roxette-it-must-have-been-love
High Fashion (feat. Mustard),13,2020-02-01,Roddy Ricch,https://open.spotify.com/track/07KXEDMj78x68D884wgVEm,United States,916119.0,83.0,Please Excuse Me For Being Antisocial,12/6/2019,rap,hip hop,0.831,0.499,11.0,-8.442,0.0,0.114,0.269,0.0,0.3,0.511,97.956,220487.0,http://soundcloud.com/r3hab/calvin-harris-john-newman-blame-r3hab-remix
Yummy,17,2020-02-01,Justin Bieber,https://open.spotify.com/track/41L3O37CECZt3N7ziG2z7l,United States,802310.0,95.0,Yummy,1/3/2020,pop,dance pop,0.662,0.519,9.0,-6.554,0.0,0.106,0.404,0.0,0.121,0.495,145.841,210427.0,http://soundcloud.com/dorothytheband/missile-1
Say So,19,2020-02-01,Doja Cat,https://open.spotify.com/track/3Dv1eDb0MEgF93GpLXlucZ,United States,734840.0,88.0,Hot Pink,11/7/2019,latin,latin pop,0.787,0.673,11.0,-4.577,0.0,0.158,0.256,3.57e-06,0.0904,0.786,110.962,237893.0,http://soundcloud.com/bangtan/interlude-set-me-free
You should be sad,20,2020-02-01,Halsey,https://open.spotify.com/track/7lidXGPXPYLNThITAOTlkK,United States,730305.0,86.0,You should be sad,1/10/2020,pop,dance pop,0.591,0.585,2.0,-6.35,1.0,0.0277,0.143,0.0,0.109,0.324,110.94,205473.0,http://soundcloud.com/gimmetinnitus/parquet-courts-borrowed-time
Good News,23,2020-02-01,Mac Miller,https://open.spotify.com/track/1DWZUa5Mzf2BwzpHtgbHPY,United States,651767.0,73.0,Circles,1/17/2020,rap,hip hop,0.794,0.32,1.0,-12.92,0.0,0.173,0.853,0.134,0.112,0.241,174.088,342040.0,http://soundcloud.com/jasonderulo/swalla-feat-nicki-minaj-ty-1
SUGAR,25,2020-02-01,BROCKHAMPTON,https://open.spotify.com/track/6U0FIYXCQ3TGrk4tFpLrEA,United States,636605.0,88.0,GINGER,8/23/2019,rap,hip hop,0.453,0.538,1.0,-8.212,1.0,0.0638,0.449,0.0,0.19,0.516,122.973,204533.0,http://soundcloud.com/alibrustofski/bad-blood-taylor-swift-cover-by-ali-brustofski
What A Man Gotta Do,42,2020-02-01,Jonas Brothers,https://open.spotify.com/track/4wNIkl5XGiAACjFBlDWuSd,United States,530032.0,73.0,What A Man Gotta Do,1/17/2020,pop,dance pop,0.857,0.708,9.0,-7.158,1.0,0.0608,0.0101,1.95e-06,0.0908,0.333,113.015,180645.0,http://soundcloud.com/elhae/sanctuary-feat-big-k-r-i-t
Sum 2 Prove,43,2020-02-01,Lil Baby,https://open.spotify.com/track/2u3EyuCqqV31woqGvO9LBz,United States,526996.0,81.0,Sum 2 Prove,1/10/2020,rap,hip hop,0.823,0.552,4.0,-7.57,0.0,0.324,0.0174,0.0,0.122,0.418,124.038,205760.0,http://soundcloud.com/lo-freq-1/whatislove-2016
Sunday Best,29,2020-03-01,Surfaces,https://open.spotify.com/track/1Cv1YLb4q0RzL6pybtaMLo,United States,646025.0,81.0,Where the Light Is,1/6/2019,pop,dance pop,0.878,0.525,5.0,-6.832,1.0,0.0578,0.183,0.0,0.0714,0.694,112.022,158571.0,http://soundcloud.com/steveaoki/anything-more-feat-era-istrefi-will-sparks-remix
Moral of the Story,49,2020-03-01,Ashe,https://open.spotify.com/track/2nC3QhMI9reBIOWutbU3Tj,United States,522163.0,53.0,Moral of the Story,2/14/2019,pop,indie poptimism,0.572,0.406,10.0,-8.624,1.0,0.0427,0.587,4.48e-06,0.102,0.265,119.812,201084.0,http://soundcloud.com/the-mark-black-band/maggie-may
Roses - Imanbek Remix,8,2020-04-01,SAINt JHN,https://open.spotify.com/track/24Yi9hE78yPEbZ4kxyoXAI,United States,880320.0,88.0,Roses (Imanbek Remix),10/9/2019,pop,dance pop,0.77,0.724,8.0,-5.484,1.0,0.0495,0.0167,0.0105,0.353,0.898,121.974,176840.0,http://soundcloud.com/marshmellomusic/singmetosleepremix
Supalonely,21,2020-04-01,"BENEE, Gus Dapperton",https://open.spotify.com/track/4nK5YrxbMGZstTLbvj6Gxw,United States,644553.0,67.0,STELLA & STEVE,11/15/2019,pop,dance pop,0.863,0.631,7.0,-4.689,1.0,0.0534,0.305,3.04e-05,0.123,0.817,128.977,223480.0,http://soundcloud.com/martingarrix/proxy-original-mix
CITY OF ANGELS,47,2020-04-01,24kGoldn,https://open.spotify.com/track/6ap9lSRJ0iLriGLqoJ44cq,United States,424888.0,56.0,DROPPED OUTTA COLLEGE,11/22/2019,rock,classic rock,0.686,0.541,0.0,-4.993,0.0,0.0493,0.042,0.0,0.0675,0.724,120.084,112493.0,http://soundcloud.com/user-9343720/cento-project-home
War,20,2020-05-01,Drake,https://open.spotify.com/track/1I55Ea0zVoSKs6MqW7DQ3i,United States,1187440.0,48.0,All Or Nothing,1/1/2009,latin,latin hip hop,0.376,0.654,8.0,-5.531,0.0,0.171,0.435,0.0,0.258,0.571,77.777,224480.0,http://soundcloud.com/saberzmusic/without-your-love-1
goosebumps,28,2020-05-01,Travis Scott,https://open.spotify.com/track/6gBFPUFcJLzWGx4lenP6h2,United States,726842.0,86.0,Birds In The Trap Sing McKnight,9/16/2016,pop,electropop,0.841,0.728,7.0,-3.37,1.0,0.0484,0.0847,0.0,0.149,0.43,130.049,243837.0,http://soundcloud.com/jahseh-onfroy/fuck-love-feat-trippie-redd
Before You Go,40,2020-07-01,Lewis Capaldi,https://open.spotify.com/track/2gMXnyrvIjhVBUZwvLZDMP,United States,450507.0,83.0,Divinely Uninspired To A Hellish Extent (Extended Edition),11/22/2019,pop,post-teen pop,0.459,0.575,3.0,-4.858,1.0,0.0573,0.604,0.0,0.0885,0.183,111.881,215107.0,http://soundcloud.com/mark_lepczyk/montrose-rock-the-nation-from
Wishing Well,3,2020-08-01,Juice WRLD,https://open.spotify.com/track/6o3QUC5oAE4g6WxRIFcZtb,United States,1164294.0,6.0,Sunrise To Sunset,11/24/2017,latin,tropical,0.698,0.653,9.0,-6.365,1.0,0.0521,0.424,0.0,0.321,0.381,100.976,186610.0,http://soundcloud.com/bhadbhabie/bhad-bhabie-gucci-flip-flops-feat-lil-yachty
Dynamite,6,2020-09-01,BTS,https://open.spotify.com/track/0t1kP63rueHleOhQkYSXFY,United States,897335.0,35.0,A.N.T. Farm (Original Soundtrack),1/1/2012,pop,post-teen pop,0.659,0.789,6.0,-3.444,1.0,0.0717,0.184,0.0,0.0535,0.493,121.947,162960.0,http://soundcloud.com/crazy4musik/wisin-yandel-besos-mojados-luny-tunes-version
All Girls Are The Same,41,2020-09-01,Juice WRLD,https://open.spotify.com/track/4VXIryQMWpIdGgYR4TrjT1,United States,441160.0,3.0,All Girls Are The Same,4/13/2018,rap,southern hip hop,0.673,0.449,0.0,-9.727,1.0,0.298,0.169,0.00115,0.0731,0.216,161.925,169295.0,http://soundcloud.com/algerianak/khawater
Dreams - 2004 Remaster,18,2020-10-01,Fleetwood Mac,https://open.spotify.com/track/0ofHAoxe9vBkTCp2UQIavz,United States,630769.0,79.0,Rumours (Super Deluxe),2/4/1977,rock,classic rock,0.828,0.492,0.0,-9.744,1.0,0.0276,0.0644,0.00428,0.128,0.789,120.151,257800.0,http://soundcloud.com/tarakemp/tara-kemp-hold-you-tight
Put Your Records On,21,2020-10-01,Ritt Momney,https://open.spotify.com/track/6AGOKlMZWLCaEJGnaROtF9,United States,574026.0,75.0,Corinne Bailey Rae,1/1/2006,r&b,neo soul,0.739,0.511,9.0,-7.844,1.0,0.0362,0.167,1.34e-06,0.133,0.542,96.038,215360.0,http://soundcloud.com/nosajthing/the_xx_islands_nosaj_thing_rmx
shut up,20,2020-11-01,Ariana Grande,https://open.spotify.com/track/3ko9jEHNt4O5fjKN65ULJp,United States,598172.0,68.0,portraits,3/15/2019,r&b,hip pop,0.821,0.448,9.0,-4.33,1.0,0.0468,0.296,3.26e-06,0.0683,0.45,105.006,170364.0,http://soundcloud.com/ledintozeppelin/kashmir
Ghostbusters,29,2020-11-01,Ray Parker Jr.,https://open.spotify.com/track/6thXB4RmajS4oZPNiBAKy0,United States,517699.0,64.0,Arista Heritage Series: Ray Parker,1978,rock,classic rock,0.779,0.717,6.0,-9.7,0.0,0.0335,0.0125,0.0536,0.355,0.789,115.384,240800.0,http://soundcloud.com/maria-gillete-madrid-cano/goodbye-guy-for-my-one-true
Body,11,2020-12-01,Megan Thee Stallion,https://open.spotify.com/track/0A1hoCfMLkiAgvhWkkucJa,United States,853691.0,79.0,Body,10/27/2017,latin,tropical,0.752,0.764,1.0,-4.399,1.0,0.038,0.0476,9.44e-05,0.0543,0.582,121.958,163216.0,http://soundcloud.com/davidguetta/david-guetta-sexy-bitch
Sleigh Ride,27,2020-12-01,The Ronettes,https://open.spotify.com/track/46UMwpkxyIwzqhsaONm4wf,United States,571851.0,42.0,Winter Loversland,11/11/2013,r&b,neo soul,0.715,0.65,2.0,-5.615,1.0,0.163,0.196,0.0,0.319,0.51,89.949,117520.0,http://soundcloud.com/charlieputh/one-call-away
Sweater Weather,34,2021-01-01,The Neighbourhood,https://open.spotify.com/track/2QjOHCTQ1Jl3zawyYOpxh6,United States,436873.0,81.0,I Love You.,4/19/2013,pop,indie poptimism,0.612,0.807,10.0,-2.81,1.0,0.0336,0.0495,0.0177,0.101,0.398,124.053,240400.0,http://soundcloud.com/gcpetunia/colors-halsey
Wasted On You,14,2021-02-01,Morgan Wallen,https://open.spotify.com/track/3cBsEDNhFI9E82vPj3kvi3,United States,540105.0,47.0,Wasted On You,2/12/2016,pop,indie poptimism,0.662,0.848,4.0,-4.304,0.0,0.261,0.185,0.00572,0.132,0.575,88.999,224120.0,http://soundcloud.com/will-e-millions/put-on-jeezy
Up,4,2021-03-01,Cardi B,https://open.spotify.com/track/1M4OcYkxAtu3ErzSgDEfoi,United States,898849.0,68.0,Never Been Better (Deluxe),11/21/2014,pop,post-teen pop,0.69,0.845,9.0,-4.676,1.0,0.0339,0.0193,0.0,0.101,0.638,114.948,224293.0,http://soundcloud.com/vexento/vexento-lucas-king-peace
Astronaut In The Ocean,10,2021-03-01,Masked Wolf,https://open.spotify.com/track/3VT8hOC5vuDXBsHrR53WFh,United States,575767.0,56.0,Astronaut In The Ocean,6/7/2019,rap,hip hop,0.778,0.695,4.0,-6.865,0.0,0.0913,0.174,0.0,0.151,0.472,149.996,132780.0,http://soundcloud.com/squeeze3/tempted-2
Hold On,17,2021-04-01,Justin Bieber,https://open.spotify.com/track/1nahzW3kfMuwReTka28tH5,United States,665559.0,22.0,Hold On,6/23/2016,latin,tropical,0.703,0.637,1.0,-7.939,0.0,0.132,0.074,0.0,0.114,0.302,121.98,185104.0,http://soundcloud.com/aylen-bootlegs/get-it-on-tonite-aylen-remix
Cloud 9,47,2021-04-01,Beach Bunny,https://open.spotify.com/track/6vFsBXYczYsP0H3lgunZOm,United States,400497.0,52.0,Cloud 9,1/10/2020,pop,indie poptimism,0.637,0.929,4.0,-3.593,1.0,0.0491,0.00167,2.62e-05,0.344,0.902,80.974,147351.0,http://soundcloud.com/aotishiko/your-teeth-in-my-neck-kali-uchis-slowed
Runaway,45,2021-05-01,AURORA,https://open.spotify.com/track/1v1oIWf2Xgh54kIWuKsDf6,United States,412500.0,69.0,Bon Jovi,1/1/1984,rock,classic rock,0.475,0.899,9.0,-4.321,0.0,0.0637,0.00375,1.91e-05,0.14,0.603,152.445,230667.0,http://soundcloud.com/bhqrecords/21-innerwest-yungins-come-through
Tell Em,26,2021-06-01,"Cochise, $NOT",https://open.spotify.com/track/7nc7mlSdWYeFom84zZ8Wr8,United States,566714.0,43.0,Rich Homie Gang - Hood Lifestyle,12/9/2014,rap,southern hip hop,0.527,0.633,6.0,-7.509,1.0,0.17,0.00956,0.0,0.624,0.301,91.129,243984.0,http://soundcloud.com/icj1s/you-are-holy-lisa-mcclendon
Bad Habits,10,2021-07-01,Ed Sheeran,https://open.spotify.com/track/6PQ88X9TkUIAUIZJHW2upE,United States,943595.0,48.0,I Never Liked Your Friends,7/12/2019,pop,indie poptimism,0.309,0.869,2.0,-3.298,1.0,0.0771,0.0136,0.0,0.0454,0.454,111.614,257076.0,http://soundcloud.com/spion88/sabotage-beastie-boys
Freaks,45,2021-08-01,Surf Curse,https://open.spotify.com/track/7EkWXAI1wn8Ii883ecd9xr,United States,406376.0,28.0,Freaks,4/10/2014,edm,electro house,0.905,0.92,9.0,-3.326,1.0,0.0811,0.0016,0.913,0.0647,0.744,128.027,274327.0,http://soundcloud.com/proximity/kosling-feat-lux-believe-2
Hurricane,1,2021-09-01,Kanye West,https://open.spotify.com/track/0RbW8kWozrVSIGb4V13o0o,United States,2104319.0,63.0,BADLANDS (Deluxe),8/28/2015,pop,indie poptimism,0.586,0.83,0.0,-5.375,1.0,0.0416,0.00823,0.0028,0.348,0.486,120.017,223082.0,http://soundcloud.com/bastilleuk/glory-young-bombs-remix
Woman,30,2021-09-01,Doja Cat,https://open.spotify.com/track/6Uj1ctrBOjOas8xZXGqKk4,United States,677081.0,58.0,Man,1/1/1996,r&b,neo soul,0.542,0.54,3.0,-8.888,0.0,0.0261,0.0901,0.0346,0.198,0.33,136.022,270400.0,http://soundcloud.com/gaga-digi/the-black-keys-howlin-for-you
Dark Red,44,2021-09-01,Steve Lacy,https://open.spotify.com/track/37y7iDayfwm3WXn5BiAoRk,United States,517436.0,47.0,Steve Lacy's Demo,2/24/2017,r&b,neo soul,0.603,0.783,6.0,-4.023,1.0,0.062,0.449,7.96e-06,0.119,0.775,172.041,173104.0,http://soundcloud.com/user-722796609/bass-boosted-the-black-eyed-peas-boom-boom-pow
My Universe,29,2021-10-01,"Coldplay, BTS",https://open.spotify.com/track/3FeVmId7tL5YN8B7R3imoM,United States,560549.0,32.0,Masters Of The Dark Arts,7/31/2012,rap,southern hip hop,0.358,0.975,4.0,-4.979,0.0,0.392,0.0553,0.0263,0.363,0.225,84.133,240733.0,http://soundcloud.com/mindrave/dj-khaled-wish-wish-feat-cardi-b-21-savage-mindrave-flip
Life Goes On,37,2021-10-01,Oliver Tree,https://open.spotify.com/track/0eu4C55hL6x29mmeAjytzC,United States,469780.0,60.0,All Eyez On Me,2/13/1996,rap,gangster rap,0.693,0.843,7.0,-5.463,1.0,0.253,0.117,0.0,0.343,0.529,158.465,301600.0,http://soundcloud.com/cleopatra-recs/freestyle-dont-stop-the-rock
No Role Modelz,47,2021-10-01,J. Cole,https://open.spotify.com/track/62vpWI1CHwFy7tMIcSStl8,United States,422162.0,82.0,2014 Forest Hills Drive,12/9/2014,pop,electropop,0.696,0.521,10.0,-8.465,0.0,0.332,0.302,0.0,0.0565,0.458,100.0,292987.0,http://soundcloud.com/thedoors/break-on-through-to-the-other-side
